{"nextId":6,"logins":[{"id":1,"hostname":"https://amazon.in","httpRealm":null,"formSubmitURL":"","usernameField":"","passwordField":"","encryptedUsername":"MDoEEPgAAAAAAAAAAAAAAAAAAAEwFAYIKoZIhvcNAwcECECVpqrGr8NeBBBprKWl6jaN2oHg598GQNvL","encryptedPassword":"MDoEEPgAAAAAAAAAAAAAAAAAAAEwFAYIKoZIhvcNAwcECMJ9N7vxOuEdBBAjpTJBvU5dLc5OKAwP79U5","guid":"{646e351d-ccea-46e9-80da-db5fcf4ea2b2}","encType":1,"timeCreated":1734687681411,"timeLastUsed":1734687681411,"timePasswordChanged":1734687681411,"timesUsed":1,"syncCounter":1,"everSynced":false,"encryptedUnknownFields":"MDIEEPgAAAAAAAAAAAAAAAAAAAEwFAYIKoZIhvcNAwcECLg/elElN+rpBAiiunt9VmZYQA=="},{"id":2,"hostname":"https://distrotest.net","httpRealm":null,"formSubmitURL":"","usernameField":"","passwordField":"","encryptedUsername":"MDoEEPgAAAAAAAAAAAAAAAAAAAEwFAYIKoZIhvcNAwcECAG8dssA+57MBBBtZtbPNGVKn7TFQTQanC9w","encryptedPassword":"MEoEEPgAAAAAAAAAAAAAAAAAAAEwFAYIKoZIhvcNAwcECCNGVXcpXjSXBCA6o0lfTgQad6M4dL4E/M9yb9mARHQ57YPWQzXjz/jnjw==","guid":"{5c8e9449-c71c-4c55-b75d-7a7f84fe2b53}","encType":1,"timeCreated":1734687862600,"timeLastUsed":1734687862600,"timePasswordChanged":1734687862600,"timesUsed":1,"syncCounter":1,"everSynced":false,"encryptedUnknownFields":"MDIEEPgAAAAAAAAAAAAAAAAAAAEwFAYIKoZIhvcNAwcECIWCQ6sTi2/YBAhuERnSbrSrBg=="},{"id":3,"hostname":"https://www.utorrent.com","httpRealm":null,"formSubmitURL":"","usernameField":"","passwordField":"","encryptedUsername":"MDoEEPgAAAAAAAAAAAAAAAAAAAEwFAYIKoZIhvcNAwcECN0xgsfkVtViBBCu2yqx7X1mf+F7wQ7zA5Y+","encryptedPassword":"MEIEEPgAAAAAAAAAAAAAAAAAAAEwFAYIKoZIhvcNAwcECK0c+lRWZjdGBBh0bqB5DC0+WXxcdCxkb96TPxHfWKWvc9o=","guid":"{57c27129-6bbd-4c5a-8b33-4e7ee82173a0}","encType":1,"timeCreated":1734687917734,"timeLastUsed":1734687917734,"timePasswordChanged":1734687917734,"timesUsed":1,"syncCounter":1,"everSynced":false,"encryptedUnknownFields":"MDIEEPgAAAAAAAAAAAAAAAAAAAEwFAYIKoZIhvcNAwcECMbGQomSokATBAiz3Cr/xakdWA=="},{"id":4,"hostname":"http://holyflags.fr","httpRealm":null,"formSubmitURL":"","usernameField":"","passwordField":"","encryptedUsername":"MEIEEPgAAAAAAAAAAAAAAAAAAAEwFAYIKoZIhvcNAwcECNF52ymI2eToBBjspSr7N1r3yp+A5mnBc6RdScUdRqznUVs=","encryptedPassword":"MEIEEPgAAAAAAAAAAAAAAAAAAAEwFAYIKoZIhvcNAwcECEPPPV7QeHDyBBj7aUQekHaasVdr6cB8SD8ack0dCmO6Rxg=","guid":"{58b6c71d-0b66-4d08-9586-c0a2a5a9bf5c}","encType":1,"timeCreated":1734688009634,"timeLastUsed":1734688009634,"timePasswordChanged":1734688009634,"timesUsed":1,"syncCounter":1,"everSynced":false,"encryptedUnknownFields":"MDIEEPgAAAAAAAAAAAAAAAAAAAEwFAYIKoZIhvcNAwcECMKfEcfyB5sdBAjDa4MWbTGJig=="},{"id":5,"hostname":"https://instagram.com","httpRealm":null,"formSubmitURL":"","usernameField":"","passwordField":"","encryptedUsername":"MDoEEPgAAAAAAAAAAAAAAAAAAAEwFAYIKoZIhvcNAwcECNoOHUEs812vBBBH/sfgibZlYSgr8d5Rj6F3","encryptedPassword":"MEIEEPgAAAAAAAAAAAAAAAAAAAEwFAYIKoZIhvcNAwcECP64NNELDBu5BBiXK6+c7QvieABB1YFrlobDLYfs9LvJDns=","guid":"{72456c5c-792d-4fbb-a13e-c7679e24aa38}","encType":1,"timeCreated":1734688054447,"timeLastUsed":1734688054447,"timePasswordChanged":1734688054447,"timesUsed":1,"syncCounter":3,"everSynced":false,"encryptedUnknownFields":null}],"potentiallyVulnerablePasswords":[],"dismissedBreachAlertsByLoginGUID":{},"version":3}